{"cameraMode":{"drawMode":0,"name":"Shaded","section":"Shading Mode"},"sceneLighting":false,"audioPlay":false,"sceneViewState":{"showFog":true,"showMaterialUpdate":false,"showSkybox":true,"showFlares":true,"showImageEffects":true,"showParticleSystems":true},"in2DMode":false,"pivot":{"x":-2.0459699630737306,"y":-0.06229066848754883,"z":-0.9287853240966797},"rotation":{"x":-0.22041833400726319,"y":0.5967071056365967,"z":-0.17502130568027497,"w":-0.7514809370040894},"size":42.44189453125,"orthographic":false}